bootprof.ko,/../kernel_device_modules-6.1/drivers/misc/mediatek/mtprof/bootprof.ko,ramdisk,Y,Y,user/userdebug/eng
mrdump.ko,/../kernel_device_modules-6.1/drivers/misc/mediatek/aee/mrdump/mrdump.ko,ramdisk,Y,Y,user/userdebug/eng
aee_aed.ko,/../kernel_device_modules-6.1/drivers/misc/mediatek/aee/aed/aee_aed.ko,ramdisk,Y,Y,user/userdebug/eng
monitor_hang.ko,/../kernel_device_modules-6.1/drivers/misc/mediatek/monitor_hang/monitor_hang.ko,ramdisk,Y,Y,user/userdebug/eng
mkp.ko,/../kernel_device_modules-6.1/drivers/misc/mediatek/mkp/mkp.ko,ramdisk,Y,Y,user/userdebug/eng
locking_aee.ko,/../kernel_device_modules-6.1/drivers/misc/mediatek/locking/locking_aee.ko,ramdisk,Y,N,eng
mtk_selinux_aee_warning.ko,/../kernel_device_modules-6.1/drivers/misc/mediatek/selinux_warning/mtk_selinux_aee_warning.ko,ramdisk,Y,N,userdebug/eng
irq_monitor.ko,/../kernel_device_modules-6.1/drivers/misc/mediatek/mtprof/irq_monitor.ko,ramdisk,Y,N,userdebug/eng
dbgtop-drm.ko,/../kernel_device_modules-6.1/drivers/misc/mediatek/sda/dbgtop-drm.ko,ramdisk,Y,Y,user/userdebug/eng
bus_tracer_v1.ko,/../kernel_device_modules-6.1/drivers/misc/mediatek/sda/btm/v1/bus_tracer_v1.ko,ramdisk,Y,Y,userdebug/eng
bus_tracer_interface.ko,/../kernel_device_modules-6.1/drivers/misc/mediatek/sda/btm/bus_tracer_interface.ko,ramdisk,Y,Y,userdebug/eng
irq-dbg.ko,/../kernel_device_modules-6.1/drivers/misc/mediatek/sda/irq-dbg.ko,ramdisk,Y,Y,user/userdebug/eng
mtk_sync.ko,/../kernel_device_modules-6.1/drivers/gpu/drm/mediatek/mediatek_v2/mtk_sync.ko,ramdisk,Y,Y,user/userdebug/eng
mtk_disp_notify.ko,/../kernel_device_modules-6.1/drivers/gpu/drm/mediatek/mediatek_v2/mtk_disp_notify.ko,ramdisk,Y,Y,user/userdebug/eng
log_store.ko,/../kernel_device_modules-6.1/drivers/misc/mediatek/log_store/log_store.ko,ramdisk,Y,Y,user/userdebug/eng
mtk_printk_ctrl.ko,/../kernel_device_modules-6.1/drivers/misc/mediatek/mtprintk/mtk_printk_ctrl.ko,ramdisk,Y,Y,user/userdebug/eng
nvmem_mtk-devinfo.ko,/../kernel_device_modules-6.1/drivers/nvmem/nvmem_mtk-devinfo.ko,ramdisk,Y,Y,user/userdebug/eng
mtk_wdt.ko,/../kernel_device_modules-6.1/drivers/watchdog/mtk_wdt.ko,ramdisk,Y,Y,user/userdebug/eng
aee_hangdet.ko,/../kernel_device_modules-6.1/drivers/misc/mediatek/aee/hangdet/aee_hangdet.ko,ramdisk,Y,Y,user/userdebug/eng
timer-mediatek.ko,/../kernel_device_modules-6.1/drivers/clocksource/timer-mediatek.ko,ramdisk,Y,Y,user/userdebug/eng
sec-rng.ko,/../kernel_device_modules-6.1/drivers/char/hw_random/sec-rng.ko,ramdisk,Y,Y,user/userdebug/eng
device-apc-common.ko,/../kernel_device_modules-6.1/drivers/soc/mediatek/devapc/device-apc-common.ko,ramdisk,Y,Y,user/userdebug/eng
device-apc-mt6989.ko,/../kernel_device_modules-6.1/drivers/soc/mediatek/devapc/device-apc-mt6989.ko,ramdisk,Y,Y,user/userdebug/eng
mtk-mbox-mailbox.ko,/../kernel_device_modules-6.1/drivers/mailbox/mtk-mbox-mailbox.ko,ramdisk,Y,Y,user/userdebug/eng
tinysys-scmi.ko,/../kernel_device_modules-6.1/drivers/misc/mediatek/tinysys_scmi/tinysys-scmi.ko,ramdisk,Y,Y,user/userdebug/eng
ise_lpm.ko,/../kernel_device_modules-6.1/drivers/misc/mediatek/ise_lpm/ise_lpm.ko,ramdisk,Y,Y,user/userdebug/eng
mtk-ise-mailbox.ko,/../kernel_device_modules-6.1/drivers/mailbox/mtk-ise-mailbox.ko,ramdisk,Y,Y,user/userdebug/eng
ise-trusty.ko,/../kernel_device_modules-6.1/drivers/misc/mediatek/trusty/ise-trusty.ko,ramdisk,Y,Y,user/userdebug/eng
ise-trusty-log.ko,/../kernel_device_modules-6.1/drivers/misc/mediatek/trusty/ise-trusty-log.ko,ramdisk,Y,Y,user/userdebug/eng
ise-trusty-ipc.ko,/../kernel_device_modules-6.1/drivers/misc/mediatek/trusty/ise-trusty-ipc.ko,ramdisk,Y,Y,user/userdebug/eng
ise-trusty-virtio.ko,/../kernel_device_modules-6.1/drivers/misc/mediatek/trusty/ise-trusty-virtio.ko,ramdisk,Y,Y,user/userdebug/eng
wlan_page_pool.ko,/../vendor/mediatek/kernel_modules/connectivity/wlan/adaptor/wlan_page_pool/wlan_page_pool.ko,ramdisk,Y,Y,user/userdebug/eng
pinctrl-mtk-v2.ko,/../kernel_device_modules-6.1/drivers/pinctrl/mediatek/pinctrl-mtk-v2.ko,ramdisk,Y,Y,user/userdebug/eng
pinctrl-mt6989.ko,/../kernel_device_modules-6.1/drivers/pinctrl/mediatek/pinctrl-mt6989.ko,ramdisk,Y,Y,user/userdebug/eng
iommu_debug.ko,/../kernel_device_modules-6.1/drivers/misc/mediatek/iommu/iommu_debug.ko,ramdisk,Y,Y,user/userdebug/eng
smmu_secure.ko,/../kernel_device_modules-6.1/drivers/misc/mediatek/iommu/smmu_secure.ko,ramdisk,Y,Y,user/userdebug/eng
arm_smmu_v3.ko,/../kernel_device_modules-6.1/drivers/iommu/arm/arm-smmu-v3/arm_smmu_v3.ko,ramdisk,Y,Y,user/userdebug/eng
mm-fake-engine.ko,/../kernel_device_modules-6.1/drivers/misc/mediatek/mminfra/mm-fake-engine.ko,ramdisk,Y,Y,user/userdebug/eng
system_heap.ko,/../kernel_device_modules-6.1/drivers/dma-buf/heaps/system_heap.ko,ramdisk,Y,Y,user/userdebug/eng
mtk-scpsys.ko,/../kernel_device_modules-6.1/drivers/soc/mediatek/mtk-scpsys.ko,ramdisk,Y,Y,user/userdebug/eng
clk-common.ko,/../kernel_device_modules-6.1/drivers/clk/mediatek/clk-common.ko,ramdisk,Y,Y,user/userdebug/eng
clk-fmeter-mt6989.ko,/../kernel_device_modules-6.1/drivers/clk/mediatek/clk-fmeter-mt6989.ko,ramdisk,Y,Y,user/userdebug/eng
vcp_status.ko,/../kernel_device_modules-6.1/drivers/misc/mediatek/vcp/rv/vcp_status.ko,ramdisk,Y,Y,user/userdebug/eng
vcp.ko,/../kernel_device_modules-6.1/drivers/misc/mediatek/vcp/rv/vcp.ko,ramdisk,Y,Y,user/userdebug/eng
mtk-dvfsrc-regulator.ko,/../kernel_device_modules-6.1/drivers/regulator/mtk-dvfsrc-regulator.ko,ramdisk,Y,Y,user/userdebug/eng
mtk-emi.ko,/../kernel_device_modules-6.1/drivers/interconnect/mediatek/mtk-emi.ko,ramdisk,Y,Y,user/userdebug/eng
mtk-dvfsrc.ko,/../kernel_device_modules-6.1/drivers/soc/mediatek/mtk-dvfsrc.ko,ramdisk,Y,Y,user/userdebug/eng
mtk-hw-semaphore.ko,/../kernel_device_modules-6.1/drivers/misc/mediatek/hw_sem/mtk-hw-semaphore.ko,ramdisk,Y,Y,user/userdebug/eng
clk-mt6989.ko,/../kernel_device_modules-6.1/drivers/clk/mediatek/clk-mt6989.ko,ramdisk,Y,Y,user/userdebug/eng
clk-mt6989-adsp.ko,/../kernel_device_modules-6.1/drivers/clk/mediatek/clk-mt6989-adsp.ko,ramdisk,Y,Y,user/userdebug/eng
clk-mt6989-cam.ko,/../kernel_device_modules-6.1/drivers/clk/mediatek/clk-mt6989-cam.ko,ramdisk,Y,Y,user/userdebug/eng
clk-mt6989-img.ko,/../kernel_device_modules-6.1/drivers/clk/mediatek/clk-mt6989-img.ko,ramdisk,Y,Y,user/userdebug/eng
clk-mt6989-mmsys.ko,/../kernel_device_modules-6.1/drivers/clk/mediatek/clk-mt6989-mmsys.ko,ramdisk,Y,Y,user/userdebug/eng
clk-mt6989-peri.ko,/../kernel_device_modules-6.1/drivers/clk/mediatek/clk-mt6989-peri.ko,ramdisk,Y,Y,user/userdebug/eng
clk-mt6989-bus.ko,/../kernel_device_modules-6.1/drivers/clk/mediatek/clk-mt6989-bus.ko,ramdisk,Y,Y,user/userdebug/eng
clk-mt6989-mdpsys.ko,/../kernel_device_modules-6.1/drivers/clk/mediatek/clk-mt6989-mdpsys.ko,ramdisk,Y,Y,user/userdebug/eng
clk-mt6989-vlp.ko,/../kernel_device_modules-6.1/drivers/clk/mediatek/clk-mt6989-vlp.ko,ramdisk,Y,Y,user/userdebug/eng
clk-mt6989-vcodec.ko,/../kernel_device_modules-6.1/drivers/clk/mediatek/clk-mt6989-vcodec.ko,ramdisk,Y,Y,user/userdebug/eng
mtk-pmic-wrap.ko,/../kernel_device_modules-6.1/drivers/soc/mediatek/mtk-pmic-wrap.ko,ramdisk,Y,Y,user/userdebug/eng
mtk-spmi-pmic.ko,/../kernel_device_modules-6.1/drivers/mfd/mtk-spmi-pmic.ko,ramdisk,Y,Y,user/userdebug/eng
spmi-mtk-pmif.ko,/../kernel_device_modules-6.1/drivers/spmi/spmi-mtk-pmif.ko,ramdisk,Y,Y,user/userdebug/eng
mt6316-regulator.ko,/../kernel_device_modules-6.1/drivers/regulator/mt6316-regulator.ko,ramdisk,Y,Y,user/userdebug/eng
mt6363-regulator.ko,/../kernel_device_modules-6.1/drivers/regulator/mt6363-regulator.ko,ramdisk,Y,Y,user/userdebug/eng
mt6373-regulator.ko,/../kernel_device_modules-6.1/drivers/regulator/mt6373-regulator.ko,ramdisk,Y,Y,user/userdebug/eng
mt6681-regulator.ko,/../kernel_device_modules-6.1/drivers/regulator/mt6681-regulator.ko,ramdisk,Y,Y,user/userdebug/eng
mtk-vmm-spm-mt6989.ko,/../kernel_device_modules-6.1/drivers/misc/mediatek/vmm_spm/mtk-vmm-spm-mt6989.ko,ramdisk,Y,Y,user/userdebug/eng
mtk-scpsys-mt6989.ko,/../kernel_device_modules-6.1/drivers/soc/mediatek/mtk-scpsys-mt6989.ko,ramdisk,Y,Y,user/userdebug/eng
mtk-scpsys-bringup.ko,/../kernel_device_modules-6.1/drivers/soc/mediatek/mtk-scpsys-bringup.ko,ramdisk,Y,Y,user/userdebug/eng
mt6989_dcm.ko,/../kernel_device_modules-6.1/drivers/misc/mediatek/dcm/mt6989_dcm.ko,ramdisk,Y,Y,user/userdebug/eng
mtk_dcm.ko,/../kernel_device_modules-6.1/drivers/misc/mediatek/dcm/mtk_dcm.ko,ramdisk,Y,Y,user/userdebug/eng
clk-bringup.ko,/../kernel_device_modules-6.1/drivers/clk/mediatek/clk-bringup.ko,ramdisk,Y,Y,user/userdebug/eng
clk-chk-mt6989.ko,/../kernel_device_modules-6.1/drivers/clk/mediatek/clk-chk-mt6989.ko,ramdisk,Y,Y,user/userdebug/eng
pd-chk-mt6989.ko,/../kernel_device_modules-6.1/drivers/clk/mediatek/pd-chk-mt6989.ko,ramdisk,Y,Y,user/userdebug/eng
mtk-dvfsrc-helper.ko,/../kernel_device_modules-6.1/drivers/misc/mediatek/dvfsrc/mtk-dvfsrc-helper.ko,ramdisk,Y,Y,user/userdebug/eng
mtk-dvfsrc-devfreq.ko,/../kernel_device_modules-6.1/drivers/devfreq/mtk-dvfsrc-devfreq.ko,ramdisk,Y,Y,user/userdebug/eng
mtk_dramc.ko,/../kernel_device_modules-6.1/drivers/memory/mediatek/mtk_dramc.ko,ramdisk,Y,Y,user/userdebug/eng
mtk-smi.ko,/../kernel_device_modules-6.1/drivers/memory/mtk-smi.ko,ramdisk,Y,Y,user/userdebug/eng
mtk-smi-dbg.ko,/../kernel_device_modules-6.1/drivers/misc/mediatek/smi/mtk-smi-dbg.ko,ramdisk,Y,Y,user/userdebug/eng
mtk-icc-core.ko,/../kernel_device_modules-6.1/drivers/misc/mediatek/mtk-interconnect/mtk-icc-core.ko,ramdisk,Y,Y,user/userdebug/eng
mtk-mmdvfs-ftrace.ko,/../kernel_device_modules-6.1/drivers/misc/mediatek/mmdvfs/mtk-mmdvfs-ftrace.ko,ramdisk,Y,Y,user/userdebug/eng
mtk-mmdvfs-v3.ko,/../kernel_device_modules-6.1/drivers/soc/mediatek/mtk-mmdvfs-v3.ko,ramdisk,Y,Y,user/userdebug/eng
mtk-mmdvfs.ko,/../kernel_device_modules-6.1/drivers/soc/mediatek/mtk-mmdvfs.ko,ramdisk,Y,Y,user/userdebug/eng
mtk-mmdvfs-debug.ko,/../kernel_device_modules-6.1/drivers/misc/mediatek/mmdvfs/mtk-mmdvfs-debug.ko,ramdisk,Y,Y,user/userdebug/eng
mmqos-common.ko,/../kernel_device_modules-6.1/drivers/interconnect/mediatek/mmqos-common.ko,ramdisk,Y,Y,user/userdebug/eng
mmqos-mt6989.ko,/../kernel_device_modules-6.1/drivers/interconnect/mediatek/mmqos-mt6989.ko,ramdisk,Y,Y,user/userdebug/eng
mmqos_wrapper.ko,/../kernel_device_modules-6.1/drivers/misc/mediatek/mmqos/mmqos_wrapper.ko,ramdisk,Y,Y,userdebug/eng
mtk-mmdebug-vcp.ko,/../kernel_device_modules-6.1/drivers/misc/mediatek/mmdebug/mtk-mmdebug-vcp.ko,ramdisk,Y,Y,user/userdebug/eng
mtk-cmdq-drv-ext.ko,/../kernel_device_modules-6.1/drivers/misc/mediatek/cmdq/mailbox/mtk-cmdq-drv-ext.ko,ramdisk,Y,Y,user/userdebug/eng
cmdq-platform-mt6989.ko,/../kernel_device_modules-6.1/drivers/misc/mediatek/cmdq/mailbox/cmdq-platform-mt6989.ko,ramdisk,Y,Y,user/userdebug/eng
mtk-mml.ko,/../kernel_device_modules-6.1/drivers/gpu/drm/mediatek/mml/mtk-mml.ko,ramdisk,Y,Y,user/userdebug/eng
mtk-mml-mt6989.ko,/../kernel_device_modules-6.1/drivers/gpu/drm/mediatek/mml/mtk-mml-mt6989.ko,ramdisk,Y,Y,user/userdebug/eng
cmdq_helper_inf.ko,/../kernel_device_modules-6.1/drivers/misc/mediatek/mdp/cmdq_helper_inf.ko,ramdisk,Y,Y,user/userdebug/eng
mdp_drv_mt6989.ko,/../kernel_device_modules-6.1/drivers/misc/mediatek/mdp/mdp_drv_mt6989.ko,ramdisk,Y,Y,user/userdebug/eng
rt4831a_drv.ko,/../kernel_device_modules-6.1/drivers/misc/mediatek/gate_ic/rt4831a_drv.ko,ramdisk,Y,Y,user/userdebug/eng
mtk_panel_ext.ko,/../kernel_device_modules-6.1/drivers/gpu/drm/mediatek/mediatek_v2/mtk_panel_ext.ko,ramdisk,Y,Y,user/userdebug/eng
panel-truly-td4330-cmd.ko,/../kernel_device_modules-6.1/drivers/gpu/drm/panel/panel-truly-td4330-cmd.ko,ramdisk,Y,Y,user/userdebug/eng
panel-truly-nt35595-cmd.ko,/../kernel_device_modules-6.1/drivers/gpu/drm/panel/panel-truly-nt35595-cmd.ko,ramdisk,Y,Y,user/userdebug/eng
panel-alpha-jdi-nt36672e-vdo-60hz.ko,/../kernel_device_modules-6.1/drivers/gpu/drm/panel/panel-alpha-jdi-nt36672e-vdo-60hz.ko,ramdisk,Y,Y,user/userdebug/eng
panel-alpha-jdi-nt36672e-vdo-120hz.ko,/../kernel_device_modules-6.1/drivers/gpu/drm/panel/panel-alpha-jdi-nt36672e-vdo-120hz.ko,ramdisk,Y,Y,user/userdebug/eng
panel-nt37801-cmd-fhd.ko,/../kernel_device_modules-6.1/drivers/gpu/drm/panel/panel-nt37801-cmd-fhd.ko,ramdisk,Y,Y,user/userdebug/eng
panel-nt37801-cmd-fhd-plus.ko,/../kernel_device_modules-6.1/drivers/gpu/drm/panel/panel-nt37801-cmd-fhd-plus.ko,ramdisk,Y,Y,user/userdebug/eng
panel-alpha-jdi-nt36672e-cphy-vdo.ko,/../kernel_device_modules-6.1/drivers/gpu/drm/panel/panel-alpha-jdi-nt36672e-cphy-vdo.ko,ramdisk,Y,Y,user/userdebug/eng
mtk-afe-external.ko,/../kernel_device_modules-6.1/sound/soc/mediatek/common/mtk-afe-external.ko,ramdisk,Y,Y,user/userdebug/eng
drm_dma_helper.ko,/drivers/gpu/drm/drm_dma_helper.ko,ramdisk,Y,Y,user/userdebug/eng
drm_display_helper.ko,/drivers/gpu/drm/display/drm_display_helper.ko,ramdisk,Y,Y,user/userdebug/eng
mediatek-drm.ko,/../kernel_device_modules-6.1/drivers/gpu/drm/mediatek/mediatek_v2/mediatek-drm.ko,ramdisk,Y,Y,user/userdebug/eng
mtk_vdisp.ko,/../kernel_device_modules-6.1/drivers/gpu/drm/mediatek/dpc/mtk_vdisp.ko,ramdisk,Y,Y,user/userdebug/eng
aee_rs.ko,/../kernel_device_modules-6.1/drivers/misc/mediatek/aee/aed/aee_rs.ko,ramdisk,Y,Y,user/userdebug/eng
mmprofile.ko,/../kernel_device_modules-6.1/drivers/misc/mediatek/mmp/src/mmprofile.ko,ramdisk,Y,Y,user/userdebug/eng
mtk_dpc.ko,/../kernel_device_modules-6.1/drivers/gpu/drm/mediatek/dpc/mtk_dpc.ko,ramdisk,Y,Y,user/userdebug/eng
mtk-uart-apdma.ko,/../kernel_device_modules-6.1/drivers/dma/mediatek/mtk-uart-apdma.ko,ramdisk,Y,Y,user/userdebug/eng
uarthub_drv.ko,/../kernel_device_modules-6.1/drivers/misc/mediatek/uarthub/uarthub_drv.ko,ramdisk,Y,Y,user/userdebug/eng
8250_mtk.ko,/../kernel_device_modules-6.1/drivers/tty/serial/8250/8250_mtk.ko,ramdisk,Y,Y,user/userdebug/eng
mt6685-core.ko,/../kernel_device_modules-6.1/drivers/mfd/mt6685-core.ko,ramdisk,Y,Y,user/userdebug/eng
mt6685-audclk.ko,/../kernel_device_modules-6.1/drivers/mfd/mt6685-audclk.ko,ramdisk,Y,Y,user/userdebug/eng
mt6681-core.ko,/../kernel_device_modules-6.1/drivers/mfd/mt6681-core.ko,ramdisk,Y,Y,user/userdebug/eng
mt6681-auxadc.ko,/../kernel_device_modules-6.1/drivers/iio/adc/mt6681-auxadc.ko,ramdisk,Y,Y,user/userdebug/eng
nvmem-mt6681-efuse.ko,/../kernel_device_modules-6.1/drivers/nvmem/nvmem-mt6681-efuse.ko,ramdisk,Y,Y,user/userdebug/eng
clkbuf.ko,/../kernel_device_modules-6.1/drivers/misc/mediatek/clkbuf/clkbuf.ko,ramdisk,Y,Y,user/userdebug/eng
ffa-module.ko,/drivers/firmware/arm_ffa/ffa-module.ko,ramdisk,Y,Y,user/userdebug/eng
teeperf.ko,/../kernel_device_modules-6.1/drivers/tee/teeperf/teeperf.ko,ramdisk,Y,Y,user/userdebug/eng
mcDrvModule-ffa.ko,/../kernel_device_modules-6.1/drivers/tee/gud/600/MobiCoreDriver/mcDrvModule-ffa.ko,ramdisk,Y,Y,user/userdebug/eng
isee-ffa.ko,/../kernel_device_modules-6.1/drivers/tee/teei/510/isee-ffa.ko,ramdisk,Y,N,user/userdebug/eng
mtk-spmi-pmic-adc.ko,/../kernel_device_modules-6.1/drivers/iio/adc/mtk-spmi-pmic-adc.ko,ramdisk,Y,Y,user/userdebug/eng
pinctrl-mt6373.ko,/../kernel_device_modules-6.1/drivers/pinctrl/mediatek/pinctrl-mt6373.ko,ramdisk,Y,Y,user/userdebug/eng
pinctrl-mtk-common-v2_debug.ko,/../kernel_device_modules-6.1/drivers/pinctrl/mediatek/pinctrl-mtk-common-v2_debug.ko,ramdisk,Y,Y,user/userdebug/eng
mtk-spmi-pmic-debug.ko,/../kernel_device_modules-6.1/drivers/mfd/mtk-spmi-pmic-debug.ko,ramdisk,Y,Y,userdebug/eng
phy-mtk-xsphy.ko,/../kernel_device_modules-6.1/drivers/phy/mediatek/phy-mtk-xsphy.ko,ramdisk,Y,Y,user/userdebug/eng
xhci-mtk-hcd-v2.ko,/../kernel_device_modules-6.1/drivers/misc/mediatek/usb/usb_xhci/xhci-mtk-hcd-v2.ko,ramdisk,Y,Y,user/userdebug/eng
mtu3.ko,/../kernel_device_modules-6.1/drivers/usb/mtu3/mtu3.ko,ramdisk,Y,Y,user/userdebug/eng
usb_boost.ko,/../kernel_device_modules-6.1/drivers/misc/mediatek/usb/usb_boost/usb_boost.ko,ramdisk,Y,Y,user/userdebug/eng
mux_switch.ko,/../kernel_device_modules-6.1/drivers/misc/mediatek/typec/mux/mux_switch.ko,ramdisk,Y,Y,user/userdebug/eng
ps5170.ko,/../kernel_device_modules-6.1/drivers/misc/mediatek/typec/mux/ps5170.ko,ramdisk,Y,Y,user/userdebug/eng
usb_dp_selector.ko,/../kernel_device_modules-6.1/drivers/misc/mediatek/typec/mux/usb_dp_selector.ko,ramdisk,Y,Y,user/userdebug/eng
cqhci.ko,/../kernel_device_modules-6.1/drivers/mmc/host/cqhci.ko,ramdisk,Y,Y,user/userdebug/eng
mtk-mmc-dbg.ko,/../kernel_device_modules-6.1/drivers/mmc/host/mtk-mmc-dbg.ko,ramdisk,Y,Y,user/userdebug/eng
mtk-mmc.ko,/../kernel_device_modules-6.1/drivers/mmc/host/mtk-mmc.ko,ramdisk,Y,Y,user/userdebug/eng
phy-mtk-ufs.ko,/../kernel_device_modules-6.1/drivers/phy/mediatek/phy-mtk-ufs.ko,ramdisk,Y,Y,user/userdebug/eng
rpmb.ko,/../kernel_device_modules-6.1/drivers/char/rpmb/rpmb.ko,ramdisk,Y,Y,user/userdebug/eng
rpmb-mtk.ko,/../kernel_device_modules-6.1/drivers/char/rpmb/rpmb-mtk.ko,ramdisk,Y,Y,user/userdebug/eng
ufs-mediatek-mod-ise.ko,/../kernel_device_modules-6.1/drivers/ufs/vendor/ufs-mediatek-mod-ise.ko,ramdisk,Y,Y,user/userdebug/eng
ufs-mediatek-dbg.ko,/../kernel_device_modules-6.1/drivers/ufs/ufs-mediatek-dbg.ko,ramdisk,Y,Y,user/userdebug/eng
blocktag.ko,/../kernel_device_modules-6.1/drivers/misc/mediatek/blocktag/blocktag.ko,ramdisk,Y,Y,user/userdebug/eng
pidmap.ko,/../kernel_device_modules-6.1/drivers/misc/mediatek/pidmap/pidmap.ko,ramdisk,Y,Y,user/userdebug/eng
mtk-pmic-keys.ko,/../kernel_device_modules-6.1/drivers/input/keyboard/mtk-pmic-keys.ko,ramdisk,Y,Y,user/userdebug/eng
mtk-kpd.ko,/../kernel_device_modules-6.1/drivers/input/keyboard/mtk-kpd.ko,ramdisk,Y,Y,user/userdebug/eng
regulator-vibrator.ko,/../kernel_device_modules-6.1/drivers/leds/regulator-vibrator.ko,ramdisk,Y,Y,user/userdebug/eng
i2c-mt65xx.ko,/../kernel_device_modules-6.1/drivers/i2c/busses/i2c-mt65xx.ko,ramdisk,Y,Y,user/userdebug/eng
mtk_dramc.ko,/../kernel_device_modules-6.1/drivers/memory/mediatek/mtk_dramc.ko,ramdisk,Y,Y,user/userdebug/eng
spi-mt65xx.ko,/../kernel_device_modules-6.1/drivers/spi/spi-mt65xx.ko,ramdisk,Y,Y,user/userdebug/eng
mt6375.ko,/../kernel_device_modules-6.1/drivers/mfd/mt6375.ko,ramdisk,Y,Y,user/userdebug/eng
extdev_io_class.ko,/../kernel_device_modules-6.1/drivers/misc/mediatek/subpmic/extdev_io_class.ko,ramdisk,Y,Y,user/userdebug/eng
subpmic-dbg.ko,/../kernel_device_modules-6.1/drivers/misc/mediatek/subpmic/subpmic-dbg.ko,ramdisk,Y,Y,userdebug/eng
rt4803.ko,/../kernel_device_modules-6.1/drivers/regulator/rt4803.ko,ramdisk,Y,Y,user/userdebug/eng
rt5133-regulator.ko,/../kernel_device_modules-6.1/drivers/regulator/rt5133-regulator.ko,ramdisk,Y,Y,user/userdebug/eng
rt6160-regulator.ko,/../kernel_device_modules-6.1/drivers/regulator/rt6160-regulator.ko,ramdisk,Y,Y,user/userdebug/eng
rtc-mt6685.ko,/../kernel_device_modules-6.1/drivers/rtc/rtc-mt6685.ko,ramdisk,Y,Y,user/userdebug/eng
industrialio-triggered-buffer.ko,/drivers/iio/buffer/industrialio-triggered-buffer.ko,ramdisk,Y,Y,user/userdebug/eng
kfifo_buf.ko,/drivers/iio/buffer/kfifo_buf.ko,ramdisk,Y,Y,user/userdebug/eng
mt6375-adc.ko,/../kernel_device_modules-6.1/drivers/iio/adc/mt6375-adc.ko,ramdisk,Y,Y,user/userdebug/eng
mt6375-auxadc.ko,/../kernel_device_modules-6.1/drivers/iio/adc/mt6375-auxadc.ko,ramdisk,Y,Y,user/userdebug/eng
adapter_class.ko,/../kernel_device_modules-6.1/drivers/power/supply/adapter_class.ko,ramdisk,Y,Y,user/userdebug/eng
charger_class.ko,/../kernel_device_modules-6.1/drivers/power/supply/charger_class.ko,ramdisk,Y,Y,user/userdebug/eng
mtk_charger_algorithm_class.ko,/../kernel_device_modules-6.1/drivers/power/supply/mtk_charger_algorithm_class.ko,ramdisk,Y,Y,user/userdebug/eng
mt6375-charger.ko,/../kernel_device_modules-6.1/drivers/power/supply/mt6375-charger.ko,ramdisk,Y,Y,user/userdebug/eng
pd_dbg_info.ko,/../kernel_device_modules-6.1/drivers/misc/mediatek/typec/tcpc/pd_dbg_info.ko,ramdisk,Y,Y,user/userdebug/eng
tcpc_class.ko,/../kernel_device_modules-6.1/drivers/misc/mediatek/typec/tcpc/tcpc_class.ko,ramdisk,Y,Y,user/userdebug/eng
tcpc_mt6375.ko,/../kernel_device_modules-6.1/drivers/misc/mediatek/typec/tcpc/tcpc_mt6375.ko,ramdisk,Y,Y,user/userdebug/eng
mtk_chg_type_det.ko,/../kernel_device_modules-6.1/drivers/power/supply/mtk_chg_type_det.ko,ramdisk,Y,Y,user/userdebug/eng
mtk_pd_adapter.ko,/../kernel_device_modules-6.1/drivers/power/supply/mtk_pd_adapter.ko,ramdisk,Y,Y,user/userdebug/eng
mtk_pep40.ko,/../kernel_device_modules-6.1/drivers/power/supply/mtk_pep40.ko,ramdisk,Y,Y,user/userdebug/eng
mtk_pep45.ko,/../kernel_device_modules-6.1/drivers/power/supply/mtk_pep45.ko,ramdisk,Y,Y,user/userdebug/eng
mtk_pd_charging.ko,/../kernel_device_modules-6.1/drivers/power/supply/mtk_pd_charging.ko,ramdisk,Y,Y,user/userdebug/eng
mtk_pep20.ko,/../kernel_device_modules-6.1/drivers/power/supply/mtk_pep20.ko,ramdisk,Y,Y,user/userdebug/eng
mtk_pep.ko,/../kernel_device_modules-6.1/drivers/power/supply/mtk_pep.ko,ramdisk,Y,Y,user/userdebug/eng
mtk_charger_framework.ko,/../kernel_device_modules-6.1/drivers/power/supply/mtk_charger_framework.ko,ramdisk,Y,Y,user/userdebug/eng
rt_pd_manager.ko,/../kernel_device_modules-6.1/drivers/misc/mediatek/typec/tcpc/rt_pd_manager.ko,ramdisk,Y,Y,user/userdebug/eng
mt6375-battery.ko,/../kernel_device_modules-6.1/drivers/power/supply/mt6375-battery.ko,ramdisk,Y,Y,user/userdebug/eng
pwm-mtk-disp.ko,/../kernel_device_modules-6.1/drivers/pwm/pwm-mtk-disp.ko,ramdisk,Y,Y,user/userdebug/eng
phy-mtk-pcie.ko,/../kernel_device_modules-6.1/drivers/phy/mediatek/phy-mtk-pcie.ko,ramdisk,Y,Y,user/userdebug/eng
pcie-mediatek-gen3.ko,/../kernel_device_modules-6.1/drivers/pci/controller/pcie-mediatek-gen3.ko,ramdisk,Y,Y,user/userdebug/eng
leds-mtk.ko,/../kernel_device_modules-6.1/drivers/leds/leds-mtk.ko,ramdisk,Y,Y,user/userdebug/eng
leds-mtk-disp.ko,/../kernel_device_modules-6.1/drivers/leds/leds-mtk-disp.ko,ramdisk,Y,Y,user/userdebug/eng
leds-mtk-pwm.ko,/../kernel_device_modules-6.1/drivers/leds/leds-mtk-pwm.ko,ramdisk,Y,Y,user/userdebug/eng
extcon-mtk-usb.ko,/../kernel_device_modules-6.1/drivers/misc/mediatek/extcon/extcon-mtk-usb.ko,ramdisk,Y,Y,user/userdebug/eng
tcpci_late_sync.ko,/../kernel_device_modules-6.1/drivers/misc/mediatek/typec/tcpc/tcpci_late_sync.ko,ramdisk,Y,Y,user/userdebug/eng
mtk-mminfra-debug.ko,/../kernel_device_modules-6.1/drivers/misc/mediatek/mminfra/mtk-mminfra-debug.ko,ramdisk,Y,Y,user/userdebug/eng
mtk-mminfra-imax.ko,/../kernel_device_modules-6.1/drivers/misc/mediatek/mminfra/mtk-mminfra-imax.ko,ramdisk,Y,Y,user/userdebug/eng
pmic_lbat_service.ko,/../kernel_device_modules-6.1/drivers/misc/mediatek/power_throttling/pmic_lbat_service.ko,ramdisk,Y,Y,user/userdebug/eng
pmic_lvsys_notify.ko,/../kernel_device_modules-6.1/drivers/misc/mediatek/power_throttling/pmic_lvsys_notify.ko,ramdisk,Y,Y,user/userdebug/eng
reset-ti-syscon.ko,/../kernel_device_modules-6.1/drivers/reset/reset-ti-syscon.ko,ramdisk,Y,Y,user/userdebug/eng
adsp.ko,/../kernel_device_modules-6.1/drivers/misc/mediatek/adsp/adsp.ko,ramdisk,Y,N,user/userdebug/eng
mtk_slbc.ko,/../kernel_device_modules-6.1/drivers/misc/mediatek/slbc/mtk_slbc.ko,ramdisk,Y,N,user/userdebug/eng
slbc_mt6989.ko,/../kernel_device_modules-6.1/drivers/misc/mediatek/slbc/slbc_mt6989.ko,ramdisk,Y,N,user/userdebug/eng
slbc_ipi.ko,/../kernel_device_modules-6.1/drivers/misc/mediatek/slbc/slbc_ipi.ko,ramdisk,Y,N,user/userdebug/eng
slbc_trace.ko,/../kernel_device_modules-6.1/drivers/misc/mediatek/slbc/slbc_trace.ko,ramdisk,Y,N,user/userdebug/eng
arm_dsu_pmu.ko,/drivers/perf/arm_dsu_pmu.ko,ramdisk,Y,Y,user/userdebug/eng
mtk-swpm-perf-arm-pmu.ko,/../kernel_device_modules-6.1/drivers/misc/mediatek/swpm/mtk-swpm-perf-arm-pmu.ko,ramdisk,Y,N,user/userdebug/eng
emi.ko,/../kernel_device_modules-6.1/drivers/memory/mediatek/emi.ko,ramdisk,Y,Y,user/userdebug/eng
emi-mpu.ko,/../kernel_device_modules-6.1/drivers/memory/mediatek/emi-mpu.ko,ramdisk,Y,Y,user/userdebug/eng
smpu.ko,/../kernel_device_modules-6.1/drivers/memory/mediatek/smpu.ko,ramdisk,Y,Y,user/userdebug/eng
smpu-hook-v1.ko,/../kernel_device_modules-6.1/drivers/memory/mediatek/smpu-hook-v1.ko,ramdisk,Y,Y,user/userdebug/eng
emi-slb.ko,/../kernel_device_modules-6.1/drivers/memory/mediatek/emi-slb.ko,ramdisk,Y,Y,user/userdebug/eng
slc-parity.ko,/../kernel_device_modules-6.1/drivers/memory/mediatek/slc-parity.ko,ramdisk,Y,Y,user/userdebug/eng
usb_meta.ko,/../kernel_device_modules-6.1/drivers/misc/mediatek/usb/usb_meta/usb_meta.ko,ramdisk,Y,Y,user/userdebug/eng
mediatek-cpufreq-hw.ko,/../kernel_device_modules-6.1/drivers/cpufreq/mediatek-cpufreq-hw.ko,ramdisk,Y,Y,user/userdebug/eng
bus-parity.ko,/../kernel_device_modules-6.1/drivers/misc/mediatek/sda/bus-parity.ko,ramdisk,Y,Y,user/userdebug/eng
socinfo.ko,/../kernel_device_modules-6.1/drivers/soc/mediatek/mtk-socinfo.ko,ramdisk,Y,Y,user/userdebug/eng
last_bus.ko,/../kernel_device_modules-6.1/drivers/misc/mediatek/sda/last_bus.ko,ramdisk,Y,Y,user/userdebug/eng
dbg_error_flag.ko,/../kernel_device_modules-6.1/drivers/misc/mediatek/sda/dbg_error_flag.ko,ramdisk,Y,Y,user/userdebug/eng
cache-parity.ko,/../kernel_device_modules-6.1/drivers/misc/mediatek/sda/cache-parity.ko,ramdisk,Y,Y,user/userdebug/eng
systracker.ko,/../kernel_device_modules-6.1/drivers/misc/mediatek/sda/systracker.ko,ramdisk,Y,Y,user/userdebug/eng
cfg80211.ko,/net/wireless/cfg80211.ko,vendor,Y,N,user/userdebug/eng
mac80211.ko,/net/mac80211/mac80211.ko,vendor,Y,N,user/userdebug/eng
spmi-mtk-mpu.ko,/../kernel_device_modules-6.1/drivers/spmi/spmi-mtk-mpu.ko,vendor,Y,N,user/userdebug/eng
mtk_ccuv.ko,/../vendor/mediatek/kernel_modules/mtkcam/ccusys/mtk_ccuv.ko,vendor,Y,N,user/userdebug/eng
trace_mmstat.ko,/../kernel_device_modules-6.1/drivers/misc/mediatek/mmstat/trace_mmstat.ko,vendor,Y,N,user/userdebug/eng
met.ko,/../vendor/mediatek/kernel_modules/met_drv_v3/met.ko,vendor,N,N,user/userdebug/eng
met_plf.ko,/../vendor/mediatek/kernel_modules/met_drv_secure_v3/met_plf.ko,vendor,N,N,user/userdebug/eng
met_backlight_api.ko,/../vendor/mediatek/kernel_modules/met_drv_v3/met_backlight_api.ko,vendor,N,N,user/userdebug/eng
met_emi_api.ko,/../vendor/mediatek/kernel_modules/met_drv_v3/met_emi_api.ko,vendor,N,N,user/userdebug/eng
met_gpu_adv_api.ko,/../vendor/mediatek/kernel_modules/met_drv_v3/met_gpu_adv_api.ko,vendor,N,N,user/userdebug/eng
met_gpu_api.ko,/../vendor/mediatek/kernel_modules/met_drv_v3/met_gpu_api.ko,vendor,N,N,user/userdebug/eng
met_ipi_api.ko,/../vendor/mediatek/kernel_modules/met_drv_v3/met_ipi_api.ko,vendor,N,N,user/userdebug/eng
met_mcupm_api.ko,/../vendor/mediatek/kernel_modules/met_drv_v3/met_mcupm_api.ko,vendor,N,N,user/userdebug/eng
met_scmi_api.ko,/../vendor/mediatek/kernel_modules/met_drv_v3/met_scmi_api.ko,vendor,N,N,user/userdebug/eng
met_sspm_api.ko,/../vendor/mediatek/kernel_modules/met_drv_v3/met_sspm_api.ko,vendor,N,N,user/userdebug/eng
met_vcore_api.ko,/../vendor/mediatek/kernel_modules/met_drv_v3/met_vcore_api.ko,vendor,N,N,user/userdebug/eng
met_gpueb_api.ko,/../vendor/mediatek/kernel_modules/met_drv_v3/met_gpueb_api.ko,vendor,N,N,user/userdebug/eng
clk-dbg-mt6989.ko,/../kernel_device_modules-6.1/drivers/clk/mediatek/clk-dbg-mt6989.ko,vendor,Y,N,user/userdebug/eng
mtk_et.ko,/../kernel_device_modules-6.1/drivers/misc/mediatek/et/mtk_et.ko,vendor,Y,Y,user/userdebug/eng
mtk_aov.ko,/../vendor/mediatek/kernel_modules/mtkcam/scpsys/mtk-aov/mtk_aov.ko,vendor,Y,N,user/userdebug/eng
mtk_aie.ko,/../vendor/mediatek/kernel_modules/mtkcam/mtk-aie/mtk_aie.ko,vendor,Y,N,user/userdebug/eng
mtk_aie_debug_7sp_1.ko,/../vendor/mediatek/kernel_modules/mtkcam/mtk-aie/mtk_aie_debug_7sp_1.ko,vendor,Y,N,user/userdebug/eng
mtk_hcp.ko,/../vendor/mediatek/kernel_modules/mtkcam/mtk-hcp/mtk_hcp.ko,vendor,Y,N,user/userdebug/eng
mtk-ipesys-me.ko,/../vendor/mediatek/kernel_modules/mtkcam/mtk-ipesys-me/mtk-ipesys-me.ko,vendor,Y,N,user/userdebug/eng
mtk_imgsys_cmdq.ko,/../vendor/mediatek/kernel_modules/mtkcam/imgsys/mtk_imgsys_cmdq.ko,vendor,Y,N,user/userdebug/eng
mtk_imgsys_v4l2.ko,/../vendor/mediatek/kernel_modules/mtkcam/imgsys/mtk_imgsys_v4l2.ko,vendor,Y,N,user/userdebug/eng
mtk_imgsys_isp7sp.ko,/../vendor/mediatek/kernel_modules/mtkcam/imgsys/mtk_imgsys_isp7sp.ko,vendor,Y,N,user/userdebug/eng
camera_dpe_isp7sp.ko,/../vendor/mediatek/kernel_modules/mtkcam/mtk-dpe/camera_dpe_isp7sp.ko,vendor,Y,N,user/userdebug/eng
nvmem-mt635x-efuse.ko,/../kernel_device_modules-6.1/drivers/nvmem/nvmem-mt635x-efuse.ko,vendor,Y,N,user/userdebug/eng
mtk-pmic-oc-debug.ko,/../kernel_device_modules-6.1/drivers/misc/mediatek/pmic_protect/mtk-pmic-oc-debug.ko,vendor,Y,N,user/userdebug/eng
mtk-ssc.ko,/../kernel_device_modules-6.1/drivers/misc/mediatek/ssc/mtk-ssc.ko,vendor,Y,N,user/userdebug/eng
mtk-ssc-dbg-v2.ko,/../kernel_device_modules-6.1/drivers/misc/mediatek/ssc/debug/v2/mtk-ssc-dbg-v2.ko,vendor,Y,N,user/userdebug/eng
ccci_util_lib.ko,/../kernel_device_modules-6.1/drivers/misc/mediatek/ccci_util/ccci_util_lib.ko,vendor,Y,N,user/userdebug/eng
ccci_auxadc.ko,/../kernel_device_modules-6.1/drivers/misc/mediatek/eccci/ccci_auxadc.ko,vendor,Y,N,user/userdebug/eng
ccci_ccif.ko,/../kernel_device_modules-6.1/drivers/misc/mediatek/eccci/hif/ccci_ccif.ko,vendor,Y,N,user/userdebug/eng
ccci_dpmaif.ko,/../kernel_device_modules-6.1/drivers/misc/mediatek/eccci/hif/ccci_dpmaif.ko,vendor,Y,N,user/userdebug/eng
ccci_md_all.ko,/../kernel_device_modules-6.1/drivers/misc/mediatek/eccci/ccci_md_all.ko,vendor,Y,N,user/userdebug/eng
ccci_fsm_scp.ko,/../kernel_device_modules-6.1/drivers/misc/mediatek/eccci/fsm/ccci_fsm_scp.ko,vendor,Y,N,user/userdebug/eng
ccmni.ko,/../kernel_device_modules-6.1/drivers/misc/mediatek/ccmni/ccmni.ko,vendor,Y,N,user/userdebug/eng
c2k_usb.ko,/../kernel_device_modules-6.1/drivers/misc/mediatek/usb/c2k_usb/c2k_usb.ko,vendor,Y,N,user/userdebug/eng
c2k_usb_f_via_atc.ko,/../kernel_device_modules-6.1/drivers/misc/mediatek/usb/c2k_usb/c2k_usb_f_via_atc.ko,vendor,Y,N,user/userdebug/eng
c2k_usb_f_via_ets.ko,/../kernel_device_modules-6.1/drivers/misc/mediatek/usb/c2k_usb/c2k_usb_f_via_ets.ko,vendor,Y,N,user/userdebug/eng
c2k_usb_f_via_modem.ko,/../kernel_device_modules-6.1/drivers/misc/mediatek/usb/c2k_usb/c2k_usb_f_via_modem.ko,vendor,Y,N,user/userdebug/eng
mtk_u_ether.ko,/../kernel_device_modules-6.1/drivers/misc/mediatek/usb/usb_rndis/mtk_u_ether.ko,vendor,Y,N,user/userdebug/eng
mtk_usb_f_rndis.ko,/../kernel_device_modules-6.1/drivers/misc/mediatek/usb/usb_rndis/mtk_usb_f_rndis.ko,vendor,Y,N,user/userdebug/eng
rps_perf.ko,/../kernel_device_modules-6.1/drivers/misc/mediatek/rps/rps_perf.ko,vendor,Y,N,user/userdebug/eng
mtk-pwm.ko,/../kernel_device_modules-6.1/drivers/misc/mediatek/pwm/mtk-pwm.ko,vendor,Y,N,user/userdebug/eng
mtk_irtx_pwm.ko,/../kernel_device_modules-6.1/drivers/misc/mediatek/irtx/mtk_irtx_pwm.ko,vendor,Y,N,user/userdebug/eng
sspm_v3.ko,/../kernel_device_modules-6.1/drivers/misc/mediatek/sspm/v3/sspm_v3.ko,vendor,Y,N,user/userdebug/eng
reboot-mode.ko,/drivers/power/reset/reboot-mode.ko,vendor,Y,Y,user/userdebug/eng
syscon-reboot-mode.ko,/drivers/power/reset/syscon-reboot-mode.ko,vendor,Y,Y,user/userdebug/eng
mtk_battery_oc_throttling.ko,/../kernel_device_modules-6.1/drivers/misc/mediatek/power_throttling/mtk_battery_oc_throttling.ko ,vendor,Y,Y,user/userdebug/eng
mtk_low_battery_throttling.ko,/../kernel_device_modules-6.1/drivers/misc/mediatek/power_throttling/mtk_low_battery_throttling.ko ,vendor,Y,Y,user/userdebug/eng
mtk_dynamic_loading_throttling.ko,/../kernel_device_modules-6.1/drivers/misc/mediatek/power_throttling/mtk_dynamic_loading_throttling.ko ,vendor,Y,Y,user/userdebug/eng
mtk_bp_thl.ko,/../kernel_device_modules-6.1/drivers/misc/mediatek/power_throttling/mtk_bp_thl.ko,vendor,Y,N,user/userdebug/eng
mtk_md_power_throttling.ko,/../kernel_device_modules-6.1/drivers/misc/mediatek/power_throttling/mtk_md_power_throttling.ko,vendor,Y,N,user/userdebug/eng
mtk_cpu_power_throttling.ko,/../kernel_device_modules-6.1/drivers/misc/mediatek/power_throttling/mtk_cpu_power_throttling.ko,vendor,Y,N,user/userdebug/eng
mtk_gpu_power_throttling.ko,/../kernel_device_modules-6.1/drivers/misc/mediatek/power_throttling/mtk_gpu_power_throttling.ko,vendor,Y,N,user/userdebug/eng
mtk_peak_power_budget.ko,/../kernel_device_modules-6.1/drivers/misc/mediatek/pbm/mtk_peak_power_budget.ko,vendor,Y,N,user/userdebug/eng
mtk_pbm.ko,/../kernel_device_modules-6.1/drivers/misc/mediatek/pbm/mtk_pbm.ko,vendor,Y,Y,user/userdebug/eng
mtk_cg_peak_power_throttling.ko,/../kernel_device_modules-6.1/drivers/misc/mediatek/cg_ppt/mtk_cg_peak_power_throttling.ko,vendor,Y,N,user/userdebug/eng
mtk_mdpm.ko,/../kernel_device_modules-6.1/drivers/misc/mediatek/mdpm/mtk_mdpm.ko,vendor,Y,Y,user/userdebug/eng
gpueb.ko,/../kernel_device_modules-6.1/drivers/gpu/mediatek/gpueb/gpueb.ko,vendor,Y,N,user/userdebug/eng
mtk_gpu_hal.ko,/../kernel_device_modules-6.1/drivers/gpu/mediatek/hal/mtk_gpu_hal.ko,vendor,Y,N,user/userdebug/eng
mtk_gpufreq_wrapper.ko,/../kernel_device_modules-6.1/drivers/gpu/mediatek/gpufreq/v2/mtk_gpufreq_wrapper.ko,vendor,Y,N,user/userdebug/eng
mtk_gpufreq_mt6989.ko,/../kernel_device_modules-6.1/drivers/gpu/mediatek/gpufreq/v2/mtk_gpufreq_mt6989.ko,vendor,Y,N,user/userdebug/eng
mtk_gpu_iommu_mt6989.ko,/../kernel_device_modules-6.1/drivers/gpu/mediatek/gpu_iommu/mtk_gpu_iommu_mt6989.ko,vendor,Y,N,user/userdebug/eng
ged.ko,/../kernel_device_modules-6.1/drivers/gpu/mediatek/ged/ged.ko,vendor,Y,N,user/userdebug/eng
mali_prot_alloc_mt6989_r44.ko,/../vendor/mediatek/kernel_modules/gpu/mt6989/mali_avalon/mali-r44p1/drivers/base/arm/protected_memory_allocator/mali_prot_alloc_mt6989_r44.ko,vendor,Y,N,user/userdebug/eng
mali_mgm_mt6989_r44.ko,/../vendor/mediatek/kernel_modules/gpu/mt6989/mali_avalon/mali-r44p1/drivers/base/arm/memory_group_manager/mali_mgm_mt6989_r44.ko,vendor,Y,N,user/userdebug/eng
mali_kbase_mt6989_r44.ko,/../vendor/mediatek/kernel_modules/gpu/mt6989/mali_avalon/mali-r44p1/drivers/gpu/arm/midgard/mali_kbase_mt6989_r44.ko,vendor,Y,N,user/userdebug/eng
mali_dmabuf_test_mt6989_r44.ko,/../vendor/mediatek/kernel_modules/gpu/mt6989/mali_avalon/mali-r44p1/drivers/base/arm/dma_buf_test_exporter/mali_dmabuf_test_mt6989_r44.ko,vendor,Y,N,user/userdebug/eng
adsp-v2.ko,/../kernel_device_modules-6.1/drivers/misc/mediatek/adsp/v2/adsp-v2.ko,vendor,Y,N,user/userdebug/eng
audio_ipi.ko,/../kernel_device_modules-6.1/drivers/misc/mediatek/audio_ipi/audio_ipi.ko,vendor,Y,N,user/userdebug/eng
mtk-scp-audiocommon.ko,/../kernel_device_modules-6.1/sound/soc/mediatek/audio_scp/mtk-scp-audiocommon.ko,vendor,Y,N,user/userdebug/eng
usb_offload.ko,/../kernel_device_modules-6.1/drivers/misc/mediatek/usb/usb_offload/usb_offload.ko,vendor,Y,N,user/userdebug/eng
snd-soc-rt5512.ko,/../kernel_device_modules-6.1/sound/soc/codecs/richtek/snd-soc-rt5512.ko,vendor,Y,N,user/userdebug/eng
richtek_spm_cls.ko,/../kernel_device_modules-6.1/sound/soc/codecs/richtek/richtek_spm_cls.ko,vendor,Y,N,user/userdebug/eng
mtk-sp-spk-amp.ko,/../kernel_device_modules-6.1/sound/soc/mediatek/common/mtk-sp-spk-amp.ko,vendor,Y,N,user/userdebug/eng
mtk-soc-offload-common.ko,/../kernel_device_modules-6.1/sound/soc/mediatek/audio_dsp/mtk-soc-offload-common.ko,vendor,Y,N,user/userdebug/eng
snd-soc-audiodsp-common.ko,/../kernel_device_modules-6.1/sound/soc/mediatek/audio_dsp/snd-soc-audiodsp-common.ko,vendor,Y,N,user/userdebug/eng
snd-soc-mtk-common.ko,/../kernel_device_modules-6.1/sound/soc/mediatek/common/snd-soc-mtk-common.ko,vendor,Y,N,user/userdebug/eng
snd-soc-mt6989-afe.ko,/../kernel_device_modules-6.1/sound/soc/mediatek/mt6989/snd-soc-mt6989-afe.ko,vendor,Y,N,user/userdebug/eng
snd-soc-mt6681.ko,/../kernel_device_modules-6.1/sound/soc/codecs/snd-soc-mt6681.ko,vendor,Y,N,user/userdebug/eng
mtk-scp-ultra.ko,/../kernel_device_modules-6.1/sound/soc/mediatek/ultrasound/ultra_common/mtk-scp-ultra.ko,vendor,Y,N,user/userdebug/eng
snd-soc-mtk-scp-ultra.ko,/../kernel_device_modules-6.1/sound/soc/mediatek/ultrasound/ultra_scp/snd-soc-mtk-scp-ultra.ko,vendor,Y,N,user/userdebug/eng
mt6989-mt6681.ko,/../kernel_device_modules-6.1/sound/soc/mediatek/mt6989/mt6989-mt6681.ko,vendor,Y,N,user/userdebug/eng
mddp.ko,/../kernel_device_modules-6.1/drivers/misc/mediatek/mddp/mddp.ko,vendor,Y,N,user/userdebug/eng
soc_temp_lvts.ko,/../kernel_device_modules-6.1/drivers/thermal/mediatek/soc_temp_lvts.ko,vendor,Y,N,user/userdebug/eng
pmic_temp.ko,/../kernel_device_modules-6.1/drivers/thermal/mediatek/pmic_temp.ko,vendor,Y,N,user/userdebug/eng
thermal-generic-adc.ko,/drivers/thermal/thermal-generic-adc.ko,vendor,Y,N,user/userdebug/eng
thermal_trace.ko,/../kernel_device_modules-6.1/drivers/thermal/mediatek/thermal_trace.ko,vendor,Y,N,user/userdebug/eng
board_temp.ko,/../kernel_device_modules-6.1/drivers/thermal/mediatek/board_temp.ko,vendor,Y,N,user/userdebug/eng
vtskin_temp.ko,/../kernel_device_modules-6.1/drivers/thermal/mediatek/vtskin_temp.ko,vendor,Y,N,user/userdebug/eng
md_cooling_all.ko,/../kernel_device_modules-6.1/drivers/thermal/mediatek/md_cooling_all.ko,vendor,Y,N,user/userdebug/eng
charger_cooling.ko,/../kernel_device_modules-6.1/drivers/thermal/mediatek/charger_cooling.ko,vendor,Y,N,user/userdebug/eng
backlight_cooling.ko,/../kernel_device_modules-6.1/drivers/thermal/mediatek/backlight_cooling.ko,vendor,Y,N,user/userdebug/eng
thermal_interface.ko,/../kernel_device_modules-6.1/drivers/thermal/mediatek/thermal_interface.ko,vendor,Y,N,user/userdebug/eng
wifi_cooling.ko,/../kernel_device_modules-6.1/drivers/thermal/mediatek/wifi_cooling.ko,vendor,Y,N,user/userdebug/eng
mtk_gpu_qos.ko,/../kernel_device_modules-6.1/drivers/gpu/mediatek/gpu_bm/mtk_gpu_qos.ko,vendor,Y,N,user/userdebug/eng
mt6681-accdet.ko,/../kernel_device_modules-6.1/sound/soc/codecs/mt6681-accdet.ko,vendor,Y,N,user/userdebug/eng
mtk_jpeg.ko,/../kernel_device_modules-6.1/drivers/media/platform/mtk-jpeg/mtk_jpeg.ko,vendor,Y,N,user/userdebug/eng
mtk-vcodec-common.ko,/../kernel_device_modules-6.1/drivers/media/platform/mtk-vcodec/mtk-vcodec-common.ko,vendor,Y,N,user/userdebug/eng
mtk-vcodec-dec-v2.ko,/../kernel_device_modules-6.1/drivers/media/platform/mtk-vcodec/mtk-vcodec-dec-v2.ko,vendor,Y,N,user/userdebug/eng
mtk-vcodec-enc-v2.ko,/../kernel_device_modules-6.1/drivers/media/platform/mtk-vcodec/mtk-vcodec-enc-v2.ko,vendor,Y,N,user/userdebug/eng
mtk-vow.ko,/../kernel_device_modules-6.1/drivers/misc/mediatek/vow/ver02/mtk-vow.ko,vendor,Y,N,user/userdebug/eng
mtk-scp-vow.ko,/../kernel_device_modules-6.1/sound/soc/mediatek/vow/mtk-scp-vow.ko,vendor,Y,N,user/userdebug/eng
jpeg-driver.ko,/../kernel_device_modules-6.1/drivers/misc/mediatek/jpeg/jpeg-driver.ko,vendor,Y,N,user/userdebug/eng
powerhal_cpu_ctrl.ko,/../kernel_device_modules-6.1/drivers/misc/mediatek/performance/powerhal_cpu_ctrl/powerhal_cpu_ctrl.ko,vendor,Y,N,user/userdebug/eng
cpufreq_sugov_ext.ko,/../kernel_device_modules-6.1/drivers/misc/mediatek/sched/cpufreq_sugov_ext.ko,vendor,Y,N,user/userdebug/eng
scheduler.ko,/../kernel_device_modules-6.1/drivers/misc/mediatek/sched/scheduler.ko,vendor,Y,N,user/userdebug/eng
cpuqos_v3.ko,/../kernel_device_modules-6.1/drivers/misc/mediatek/cache-auditor/cpuqos_v3/cpuqos_v3.ko,vendor,Y,N,user/userdebug/eng
cpuqos_ext.ko,/../vendor/mediatek/kernel_modules/sched_cus/cpuqos_ext.ko,vendor,Y,N,user/userdebug/eng
eas_ext.ko,/../vendor/mediatek/kernel_modules/sched_cus/eas_ext.ko,vendor,Y,N,user/userdebug/eng
mtk_rpmsg_mbox.ko,/../kernel_device_modules-6.1/drivers/rpmsg/mtk_rpmsg_mbox.ko,vendor,Y,Y,user/userdebug/eng
mtk-mbox.ko,/../kernel_device_modules-6.1/drivers/soc/mediatek/mtk-mbox.ko,vendor,Y,Y,user/userdebug/eng
mtk_tinysys_ipi.ko,/../kernel_device_modules-6.1/drivers/soc/mediatek/mtk_tinysys_ipi.ko,vendor,Y,Y,user/userdebug/eng
scp.ko,/../kernel_device_modules-6.1/drivers/misc/mediatek/scp/rv/scp.ko,vendor,Y,N,user/userdebug/eng
mcupm.ko,/../kernel_device_modules-6.1/drivers/misc/mediatek/mcupm/v2/mcupm.ko,vendor,Y,N,user/userdebug/eng
fhctl.ko,/../kernel_device_modules-6.1/drivers/clk/mediatek/fhctl.ko,vendor,Y,N,user/userdebug/eng
mtk_ccd_remoteproc.ko,/../vendor/mediatek/kernel_modules/mtkcam/camsys/remoteproc/mtk_ccd_remoteproc.ko,vendor,Y,N,user/userdebug/eng
ccd_rpmsg.ko,/../vendor/mediatek/kernel_modules/mtkcam/camsys/rpmsg/ccd_rpmsg.ko,vendor,Y,N,user/userdebug/eng
v4l2-fwnode.ko,/drivers/media/v4l2-core/v4l2-fwnode.ko,vendor,Y,N,user/userdebug/eng
v4l2-async.ko,/drivers/media/v4l2-core/v4l2-async.ko,vendor,Y,N,user/userdebug/eng
mtk-cam-isp7sp.ko,/../vendor/mediatek/kernel_modules/mtkcam/camsys/isp7sp/cam/mtk-cam-isp7sp.ko,vendor,Y,N,user/userdebug/eng
imgsensor-glue.ko,/../vendor/mediatek/kernel_modules/mtkcam/imgsensor/src-v4l2/imgsensor-glue/imgsensor-glue.ko,vendor,Y,N,user/userdebug/eng
imgsensor.ko,/../vendor/mediatek/kernel_modules/mtkcam/imgsensor/src-v4l2/imgsensor.ko,vendor,Y,N,user/userdebug/eng
camera_eeprom_v4l2.ko,/../vendor/mediatek/kernel_modules/mtkcam/cam_cal/src_v4l2/custom/camera_eeprom_v4l2.ko,vendor,Y,N,user/userdebug/eng
mtk-swpm.ko,/../kernel_device_modules-6.1/drivers/misc/mediatek/swpm/mtk-swpm.ko,vendor,Y,N,user/userdebug/eng
mtk-swpm-dbg-common-v1.ko,/../kernel_device_modules-6.1/drivers/misc/mediatek/swpm/modules/debug/v1/mtk-swpm-dbg-common-v1.ko,vendor,Y,N,user/userdebug/eng
mtk-swpm-dbg-v6989.ko,/../kernel_device_modules-6.1/drivers/misc/mediatek/swpm/modules/debug/v6989/mtk-swpm-dbg-v6989.ko,vendor,Y,N,user/userdebug/eng
mtk-swpm-cpu-dbg-v6989.ko,/../kernel_device_modules-6.1/drivers/misc/mediatek/swpm/modules/debug/v6989/mtk-swpm-cpu-dbg-v6989.ko,vendor,Y,N,user/userdebug/eng
mtk-swpm-audio-dbg-v6989.ko,/../kernel_device_modules-6.1/drivers/misc/mediatek/swpm/modules/debug/v6989/mtk-swpm-audio-dbg-v6989.ko,vendor,Y,N,user/userdebug/eng
mtk-swpm-disp-dbg-v6989.ko,/../kernel_device_modules-6.1/drivers/misc/mediatek/swpm/modules/debug/v6989/mtk-swpm-disp-dbg-v6989.ko,vendor,Y,N,user/userdebug/eng
mtk-swpm-mml-dbg-v6989.ko,/../kernel_device_modules-6.1/drivers/misc/mediatek/swpm/modules/debug/v6989/mtk-swpm-mml-dbg-v6989.ko,vendor,Y,N,user/userdebug/eng
connadp.ko,/../kernel_device_modules-6.1/drivers/misc/mediatek/connectivity/connadp.ko,vendor,Y,N,user/userdebug/eng
connfem.ko,/../vendor/mediatek/kernel_modules/connectivity/connfem/connfem.ko,vendor,Y,N,user/userdebug/eng
connscp.ko,/../kernel_device_modules-6.1/drivers/misc/mediatek/conn_scp/connscp.ko,vendor,Y,N,user/userdebug/eng
conninfra.ko,/../vendor/mediatek/kernel_modules/connectivity/conninfra/conninfra.ko,vendor,Y,N,user/userdebug/eng
wmt_chrdev_wifi_connac3.ko,/../vendor/mediatek/kernel_modules/connectivity/wlan/adaptor/wmt_chrdev_wifi_connac3.ko,vendor,Y,N,user/userdebug/eng
wlan_drv_gen4m_6989_6639.ko,/../vendor/mediatek/kernel_modules/connectivity/wlan/core/gen4m/build/connac3x/6989_6639/wlan_drv_gen4m_6989_6639.ko,vendor,Y,N,user/userdebug/eng
gps_drv_dl_v061.ko,/../vendor/mediatek/kernel_modules/connectivity/gps/data_link/plat/v061/gps_drv_dl_v061.ko,vendor,Y,N,user/userdebug/eng
gps_pwr.ko,/../vendor/mediatek/kernel_modules/connectivity/gps/gps_pwr/gps_pwr.ko,vendor,N,N,user/userdebug/eng
gps_scp.ko,/../vendor/mediatek/kernel_modules/connectivity/gps/gps_scp/gps_scp.ko,vendor,N,N,user/userdebug/eng
hf_manager.ko,/../kernel_device_modules-6.1/drivers/misc/mediatek/sensor/2.0/core/hf_manager.ko,vendor,Y,N,user/userdebug/eng
sensorhub.ko,/../kernel_device_modules-6.1/drivers/misc/mediatek/sensor/2.0/sensorhub/sensorhub.ko,vendor,Y,N,user/userdebug/eng
mtk-composite.ko,/../kernel_device_modules-6.1/drivers/misc/mediatek/flashlight/mtk-composite.ko,vendor,Y,N,user/userdebug/eng
lm3643.ko,/../kernel_device_modules-6.1/drivers/misc/mediatek/flashlight/v4l2/lm3643.ko,vendor,Y,N,user/userdebug/eng
flashlight.ko,/../kernel_device_modules-6.1/drivers/misc/mediatek/flashlight/flashlight.ko,vendor,Y,N,user/userdebug/eng
mtk_qos.ko,/../kernel_device_modules-6.1/drivers/misc/mediatek/qos/mtk_qos.ko,vendor,Y,N,user/userdebug/eng
touch_boost.ko,/../kernel_device_modules-6.1/drivers/misc/mediatek/performance/touch_boost/touch_boost.ko,vendor,Y,N,user/userdebug/eng
mtk_ioctl_touch_boost.ko,/../kernel_device_modules-6.1/drivers/misc/mediatek/performance/mtk_ioctl_touch_boost.ko,vendor,Y,N,user/userdebug/eng
mtk_ioctl_powerhal.ko,/../kernel_device_modules-6.1/drivers/misc/mediatek/performance/mtk_ioctl_powerhal.ko,vendor,Y,N,user/userdebug/eng
camera_af_media.ko,/../kernel_device_modules-6.1/drivers/misc/mediatek/lens/vcm/v4l2/media/camera_af_media.ko,vendor,Y,N,user/userdebug/eng
main_vcm.ko,/../kernel_device_modules-6.1/drivers/misc/mediatek/lens/vcm/v4l2/main_vcm/main_vcm.ko,vendor,Y,N,user/userdebug/eng
main2_vcm.ko,/../kernel_device_modules-6.1/drivers/misc/mediatek/lens/vcm/v4l2/main2_vcm/main2_vcm.ko,vendor,Y,N,user/userdebug/eng
main3_vcm.ko,/../kernel_device_modules-6.1/drivers/misc/mediatek/lens/vcm/v4l2/main3_vcm/main3_vcm.ko,vendor,Y,N,user/userdebug/eng
main4_vcm.ko,/../kernel_device_modules-6.1/drivers/misc/mediatek/lens/vcm/v4l2/main4_vcm/main4_vcm.ko,vendor,Y,N,user/userdebug/eng
dw9781c.ko,/../kernel_device_modules-6.1/drivers/misc/mediatek/lens/ois/dw9781c/dw9781c.ko,vendor,Y,N,user/userdebug/eng
dw9781d.ko,/../kernel_device_modules-6.1/drivers/misc/mediatek/lens/ois/dw9781d/dw9781d.ko,vendor,Y,N,user/userdebug/eng
sub_vcm.ko,/../kernel_device_modules-6.1/drivers/misc/mediatek/lens/vcm/v4l2/sub_vcm/sub_vcm.ko,vendor,Y,N,user/userdebug/eng
mtk_cm_ipi.ko,/../kernel_device_modules-6.1/drivers/misc/mediatek/cm_mgr/mtk_cm_ipi.ko,vendor,Y,N,user/userdebug/eng
mtk_cm_mgr.ko,/../kernel_device_modules-6.1/drivers/misc/mediatek/cm_mgr/mtk_cm_mgr.ko,vendor,Y,N,user/userdebug/eng
mtk_cm_mgr_mt6989.ko,/../kernel_device_modules-6.1/drivers/misc/mediatek/cm_mgr/mtk_cm_mgr_mt6989.ko,vendor,Y,N,user/userdebug/eng
pda_drv_mt6989.ko,/../kernel_device_modules-6.1/drivers/misc/mediatek/cameraisp/pda/pda_drv_mt6989.ko,vendor,Y,N,user/userdebug/eng
gz_trusty_mod.ko,/../kernel_device_modules-6.1/drivers/misc/mediatek/geniezone/gz-trusty/gz_trusty_mod.ko,vendor,Y,N,user/userdebug/eng
gz_ipc_mod.ko,/../kernel_device_modules-6.1/drivers/misc/mediatek/geniezone/gz-trusty/gz_ipc_mod.ko,vendor,Y,N,user/userdebug/eng
gz_irq_mod.ko,/../kernel_device_modules-6.1/drivers/misc/mediatek/geniezone/gz-trusty/gz_irq_mod.ko,vendor,Y,N,user/userdebug/eng
gz_virtio_mod.ko,/../kernel_device_modules-6.1/drivers/misc/mediatek/geniezone/gz-trusty/gz_virtio_mod.ko,vendor,Y,N,user/userdebug/eng
gz_tz_system.ko,/../kernel_device_modules-6.1/drivers/misc/mediatek/geniezone/gz_tz_system.ko,vendor,Y,N,user/userdebug/eng
gz_main_mod.ko,/../kernel_device_modules-6.1/drivers/misc/mediatek/geniezone/gz_main_mod.ko,vendor,Y,N,user/userdebug/eng
gz_log_mod.ko,/../kernel_device_modules-6.1/drivers/misc/mediatek/geniezone/gz-trusty/gz_log_mod.ko,vendor,Y,N,user/userdebug/eng
tmem_ffa.ko,/../kernel_device_modules-6.1/drivers/misc/mediatek/trusted_mem/tmem_ffa.ko,vendor,Y,N,user/userdebug/eng
apu_top.ko,/../kernel_device_modules-6.1/drivers/misc/mediatek/apusys/power/apu_top.ko,vendor,Y,N,user/userdebug/eng
apusys.ko,/../kernel_device_modules-6.1/drivers/misc/mediatek/apusys/apusys.ko,vendor,Y,N,user/userdebug/eng
apu_aov.ko,/../kernel_device_modules-6.1/drivers/misc/mediatek/apusys/apu_aov.ko,vendor,Y,N,user/userdebug/eng
mtk_sec_heap.ko,/../kernel_device_modules-6.1/drivers/dma-buf/heaps/mtk_sec_heap.ko,vendor,Y,N,user/userdebug/eng
mtk_heap_refill.ko,/../kernel_device_modules-6.1/drivers/dma-buf/heaps/mtk_heap_refill.ko,vendor,Y,N,user/userdebug/eng
mtk_heap_debug.ko,/../kernel_device_modules-6.1/drivers/dma-buf/heaps/mtk_heap_debug.ko,vendor,Y,N,user/userdebug/eng
sapu.ko,/../kernel_device_modules-6.1/drivers/misc/mediatek/apusys/sapu/sapu.ko,vendor,Y,N,user/userdebug/eng
iommu_engine.ko,/../kernel_device_modules-6.1/drivers/misc/mediatek/iommu/iommu_engine.ko,vendor,N,N,user/userdebug/eng
iommu_test.ko,/../kernel_device_modules-6.1/drivers/misc/mediatek/iommu/iommu_test.ko,vendor,N,N,user/userdebug/eng
mtk-smmuv3-pmu.ko,/../kernel_device_modules-6.1/drivers/iommu/arm/arm-smmu-v3/mtk-smmuv3-pmu.ko,vendor,Y,N,user/userdebug/eng
mtk-smmuv3-lmu.ko,/../kernel_device_modules-6.1/drivers/iommu/arm/arm-smmu-v3/mtk-smmuv3-lmu.ko,vendor,Y,N,user/userdebug/eng
cmdq-sec-drv.ko,/../kernel_device_modules-6.1/drivers/misc/mediatek/cmdq/mailbox/cmdq-sec-drv.ko,vendor,Y,N,user/userdebug/eng
cmdq-test.ko,/../kernel_device_modules-6.1/drivers/misc/mediatek/cmdq/mailbox/cmdq-test.ko,vendor,N,N,user/userdebug/eng
t-base-tui.ko,/../kernel_device_modules-6.1/drivers/tee/gud/600/TlcTui/t-base-tui.ko,vendor,Y,N,user/userdebug/eng
mtk-lpm.ko,/../kernel_device_modules-6.1/drivers/misc/mediatek/lpm/mtk-lpm.ko,vendor,Y,N,user/userdebug/eng
mtk-lpm-dbg-common-v2.ko,/../kernel_device_modules-6.1/drivers/misc/mediatek/lpm/modules/debug/v2/mtk-lpm-dbg-common-v2.ko,vendor,Y,N,user/userdebug/eng
mtk-lpm-plat-v1.ko,/../kernel_device_modules-6.1/drivers/misc/mediatek/lpm/modules/platform/v1/mtk-lpm-plat-v1.ko,vendor,Y,N,user/userdebug/eng
mtk-lpm-dbg-mt6989.ko,/../kernel_device_modules-6.1/drivers/misc/mediatek/lpm/modules/debug/mt6989/mtk-lpm-dbg-mt6989.ko,vendor,Y,N,user/userdebug/eng
lpm-gov-MHSP.ko,/../kernel_device_modules-6.1/drivers/misc/mediatek/lpm/governors/MHSP/lpm-gov-MHSP.ko,vendor,Y,N,user/userdebug/eng
emi-fake-eng.ko,/../kernel_device_modules-6.1/drivers/memory/mediatek/emi-fake-eng.ko,vendor,N,N,user/userdebug/eng
emi-mpu-test-v2.ko,/../kernel_device_modules-6.1/drivers/memory/mediatek/emi-mpu-test-v2.ko,vendor,N,N,userdebug/eng
atf_logger.ko,/../kernel_device_modules-6.1/drivers/misc/mediatek/atf/atf_logger.ko,vendor,Y,N,user/userdebug/eng
mtk-dvfsrc-start.ko,/../kernel_device_modules-6.1/drivers/soc/mediatek/mtk-dvfsrc-start.ko,vendor,Y,N,user/userdebug/eng
cpuhvfs.ko,/../kernel_device_modules-6.1/drivers/misc/mediatek/cpufreq_v1/cpuhvfs.ko,vendor,Y,N,userdebug/eng
cpudvfs.ko,/../kernel_device_modules-6.1/drivers/misc/mediatek/cpufreq_lite/cpudvfs.ko,vendor,Y,N,user/userdebug/eng
mtk_perf_ioctl.ko,/../kernel_device_modules-6.1/drivers/misc/mediatek/performance/mtk_perf_ioctl.ko,vendor,Y,N,user/userdebug/eng
mtk_perf_common.ko,/../kernel_device_modules-6.1/drivers/misc/mediatek/perf_common/mtk_perf_common.ko,vendor,Y,N,user/userdebug/eng
sec.ko,/../kernel_device_modules-6.1/drivers/misc/mediatek/masp/sec.ko,vendor,Y,Y,user/userdebug/eng
hbt.ko,/../vendor/mediatek/kernel_modules/hbt_driver_cus/hbt.ko,vendor,Y,N,user/userdebug/eng
widevine_driver.ko,/../kernel_device_modules-6.1/drivers/misc/mediatek/widevine_drm/widevine_driver.ko,vendor,Y,N,user/userdebug/eng
uload_ind.ko,/../kernel_device_modules-6.1/drivers/misc/mediatek/performance/uload_ind/uload_ind.ko,vendor,Y,Y,user/userdebug/eng
load_track.ko,/../kernel_device_modules-6.1/drivers/misc/mediatek/performance/load_track/load_track.ko,vendor,Y,Y,user/userdebug/eng
mtk_disp_sec.ko,/../kernel_device_modules-6.1/drivers/gpu/drm/mediatek/mediatek_v2/mtk_disp_sec.ko,vendor,Y,N,user/userdebug/eng
vdec-fmt.ko,/../kernel_device_modules-6.1/drivers/misc/mediatek/vdec_fmt/vdec-fmt.ko,vendor,Y,N,user/userdebug/eng
mtk-vmm-notifier.ko,/../kernel_device_modules-6.1/drivers/misc/mediatek/vmm/mtk-vmm-notifier.ko,vendor,Y,N,user/userdebug/eng
mtk_core_ctl.ko,/../kernel_device_modules-6.1/drivers/misc/mediatek/sched/mtk_core_ctl.ko,vendor,Y,N,user/userdebug/eng
mtk_perf_ioctl_magt.ko,/../kernel_device_modules-6.1/drivers/misc/mediatek/performance/mtk_perf_ioctl_magt.ko,vendor,Y,N,user/userdebug/eng
btmtk_uart_unify.ko,/../vendor/mediatek/kernel_modules/connectivity/bt/linux_v2/btmtk_uart_unify.ko,vendor,Y,N,user/userdebug/eng
pstore_zone.ko,/fs/pstore/pstore_zone.ko,vendor,N,N,userdebug/eng
pstore_blk.ko,/fs/pstore/pstore_blk.ko,vendor,N,N,userdebug/eng
clk-disable-unused.ko,/../kernel_device_modules-6.1/drivers/clk/mediatek/clk-disable-unused.ko,vendor,Y,N,user/userdebug/eng
mtk-pm-domain-disable-unused.ko,/../kernel_device_modules-6.1/drivers/soc/mediatek/mtk-pm-domain-disable-unused.ko,vendor,Y,N,user/userdebug/eng
mtk-mmdvfs-v3-start.ko,/../kernel_device_modules-6.1/drivers/misc/mediatek/mmdvfs/mtk-mmdvfs-v3-start.ko,vendor,Y,N,user/userdebug/eng
frs.ko,/../kernel_device_modules-6.1/drivers/misc/mediatek/performance/frs/frs.ko,vendor,Y,N,user/userdebug/eng
pgboost.ko,/../kernel_device_modules-6.1/drivers/misc/mediatek/pgboost/pgboost.ko,vendor,Y,N,user/userdebug/eng
task_turbo.ko,/../kernel_device_modules-6.1/drivers/misc/mediatek/task_turbo/task_turbo.ko,vendor,Y,N,user/userdebug/eng
mtk_fpsgo.ko,/../kernel_device_modules-6.1/drivers/misc/mediatek/performance/fpsgo_v3/mtk_fpsgo.ko,vendor,Y,N,user/userdebug/eng
fpsgo.ko,/../vendor/mediatek/kernel_modules/fpsgo_cus/fpsgo.ko,vendor,Y,N,user/userdebug/eng
mtk_c2ps.ko,/../vendor/mediatek/kernel_modules/mtkcam/sched/c2ps/mtk_c2ps.ko,vendor,Y,N,user/userdebug/eng
c2ps_perf_ioctl.ko,/../vendor/mediatek/kernel_modules/mtkcam/sched/c2ps_ioctl/c2ps_perf_ioctl.ko,vendor,Y,N,user/userdebug/eng
mtk_mbraink.ko,/../kernel_device_modules-6.1/drivers/misc/mediatek/mbraink/mtk_mbraink.ko,vendor,Y,N,user/userdebug/eng
mtk-ips-helper.ko,/../kernel_device_modules-6.1/drivers/misc/mediatek/ips/mtk-ips-helper.ko,vendor,Y,N,user/userdebug/eng